,url,quote,position,speaker
0,https://www.middleeastmonitor.com/20200504-iraq-pmu-faction-accuses-us-of-relocating-daesh-fighters-from-syria/,move from one area to another,0.0,Syrian Foreign Minister Walid Muallem
1,https://foreignpolicy.com/2020/05/11/a-powerful-iran-backed-militia-is-losing-influence-in-iraq/,disappeared.,0.0,they
2,https://www.longwarjournal.org/archives/2020/05/axis-of-resistance-honors-international-quds-day.php,"Today, as we commemorate the International Day of Jerusalem, Jerusalem lives in a most dangerous stage as we follow the American-Zionist talk about implementing the so-called Deal of the Century, which is based on the liquidation of the Palestinian cause,",-0.033333333333333326,Haniyeh
4,https://www.middleeasteye.net/news/revealed-iraqi-shia-leader-sistani-moves-break-irans-grip-over-militia-movement,"By withdrawing these factions, which everyone knows are linked directly to him [Sistani], this means he lifts his hands off the PMA,",0.1,Abdul
5,https://www.middleeasteye.net/news/iraq-iran-retreating-political-scene-pressure,the Iranian practices in Iraq that aroused Sayyed Sistani's ire and how to please Najaf [the grand ayatollah] at any cost,0.3,".

Sistani's demands were clear: any political, security or economic agreements between Iran and Iraq must must be exclusively reached through official government channels, as two counterparts.

Any support for any Iraqi force that defies the state must be stopped, Sistani demanded, adding that the Iranian Revolutionary Guards and al-Atalaat intelligence should not be allowed to deal with any political or military force in the country except through government channels.

A close associate of Sistani confirmed Qaani's meeting with Muhammad Redha, and said that most of the discussion was focused on"
6,https://www.thedefensepost.com/2020/01/04/us-designates-asaib-ahl-al-haqq-terrorist-organization/,"This is what you happens when you face daily humiliation for years on end,",0.0,Michael Knights
7,https://english.almanar.com.lb/1040195,"By withdrawing these factions, which everyone knows are linked directly to him [Sistani], this means he lifts his hands off the PMA,",0.1,Abdul
8,https://www.longwarjournal.org/archives/2020/05/axis-of-resistance-honors-international-quds-day.php,"Thanks to the cooperation of between countries and the forces of the Axis of Resistance of the Arab and Islamic world, we find ourselves closer than ever to al Quds and its liberation,",0.2,Nasrallah
9,https://www.middleeasteye.net/news/revealed-iraqi-shia-leader-sistani-moves-break-irans-grip-over-militia-movement,"It was logical for him [Maliki] to hand his allies the leadership of the PMA. The man did not trust his military leaders, and only the Iranians supported him after the international community abandoned him,",0.0375,Toma.
10,https://www.middleeasteye.net/news/iraq-iran-retreating-political-scene-pressure,"The Iranians believe that Kadhimi will be able to play a major role in achieving these settlements,",0.28125,Shimari
11,https://english.almanar.com.lb/1040195,"It was logical for him [Maliki] to hand his allies the leadership of the PMA. The man did not trust his military leaders, and only the Iranians supported him after the international community abandoned him,",0.0375,Toma.
12,https://www.longwarjournal.org/archives/2020/05/axis-of-resistance-honors-international-quds-day.php,"We reiterate our previous offer of liberating the kidnapped Palestinians, the prisoners in the Saudi regime's jails. We renew our offer to release a Saudi pilot and five soldiers as a part of this deal. We advise the Saudis to accept this offer for the benefit of its pilots, soldiers and officers,",-0.16666666666666666,Houthi
13,https://www.middleeasteye.net/news/revealed-iraqi-shia-leader-sistani-moves-break-irans-grip-over-militia-movement,in an attempt to find a settlement that satisfies the two parties,0.0,"Ahmed Al-Safi, Sistani's most senior representatives and the supervisors of the forces associated with the holy shrines, joined the meeting by phone, one of the attendees told MEE.

Sensing the seriousness of Najaf's latest efforts to gain control of the PMA, the Iranian-backed factions rushed to name Abdulaziz al-Muhammadawi, known as Abu Fadak, a prominent leader of Kataib Hezbollah, as Muhandis's successor, but only in the role of chief of staff.

Pro-Sistani leaders refused to appoint Abu Fadak and threatened to withdraw from the PMA if their demands were not taken seriously.

To ease tensions and try to persuade the four factions not to withdraw, Abdul Mahdi sent a military delegation to meet Karbalai"
14,https://www.middleeasteye.net/news/iraq-iran-retreating-political-scene-pressure,the meetings were political and did not address any military or security details,-0.05,"of Law, Hadi al-Amiri, chief of the Iranian-backed parliamentary al-Fatah bloc; and Faleh al-Fayyad, the chairman of Popular Mobilisation Authority (PMA) and national security adviser.

Surprisingly to many, Qaani did not meet any leaders of Iraq's powerful Iran-backed armed factions.

REVEALED: The secret US-Iran deal that installed Kadhimi in Baghdad Read More >>

According to a prominent Shia leader who attended these talks,"
15,https://english.almanar.com.lb/1040195,in an attempt to find a settlement that satisfies the two parties,0.0,"Ahmed Al-Safi, Sistani's most senior representatives and the supervisors of the forces associated with the holy shrines, joined the meeting by phone, one of the attendees told MEE.

Sensing the seriousness of Najaf's latest efforts to gain control of the PMA, the Iranian-backed factions rushed to name Abdulaziz al-Muhammadawi, known as Abu Fadak, a prominent leader of Kataib Hezbollah, as Muhandis's successor, but only in the role of chief of staff.

Pro-Sistani leaders refused to appoint Abu Fadak and threatened to withdraw from the PMA if their demands were not taken seriously.

To ease tensions and try to persuade the four factions not to withdraw, Abdul Mahdi sent a military delegation to meet Karbalai"
16,https://www.longwarjournal.org/archives/2020/05/axis-of-resistance-honors-international-quds-day.php,"We condemn and reject all attempts to normalize relations that some Arab countries, especially the Saudi regime, have attempted with the Israeli enemy.",0.0,Israel
17,https://www.middleeasteye.net/news/revealed-iraqi-shia-leader-sistani-moves-break-irans-grip-over-militia-movement,"ensured their loyalty on the one hand, and ensured that the Iranians continued to support him,",0.0,Toma
18,https://www.middleeasteye.net/news/iraq-iran-retreating-political-scene-pressure,the Iranian practices in Iraq that aroused Sayyed Sistani's ire and how to please Najaf [the grand ayatollah] at any cost,0.3,"must be stopped, Sistani demanded, adding that the Iranian Revolutionary Guards and al-Atalaat intelligence should not be allowed to deal with any political or military force in the country except through government channels.

A close associate of Sistani confirmed Qaani's meeting with Muhammad Redha, and said that most of the discussion was focused on"
19,https://english.almanar.com.lb/1040195,"ensured their loyalty on the one hand, and ensured that the Iranians continued to support him,",0.0,Toma
20,https://www.middleeasteye.net/news/revealed-iraqi-shia-leader-sistani-moves-break-irans-grip-over-militia-movement,in an attempt to find a settlement that satisfies the two parties,0.0,"MEE.

Sensing the seriousness of Najaf's latest efforts to gain control of the PMA, the Iranian-backed factions rushed to name Abdulaziz al-Muhammadawi, known as Abu Fadak, a prominent leader of Kataib Hezbollah, as Muhandis's successor, but only in the role of chief of staff.

Pro-Sistani leaders refused to appoint Abu Fadak and threatened to withdraw from the PMA if their demands were not taken seriously.

To ease tensions and try to persuade the four factions not to withdraw, Abdul Mahdi sent a military delegation to meet Karbalai"
21,https://www.middleeasteye.net/news/iraq-iran-retreating-political-scene-pressure,"the Iranians will not interfere in the details, nor will they impose a specific name for the prime minister. However, they will not support a prime minister who is hostile to Iran or professes hostility to Iran's allies inside Iraq",0.0,"Middle East Eye, is that"
22,https://english.almanar.com.lb/1040195,in an attempt to find a settlement that satisfies the two parties,0.0,"MEE.

Sensing the seriousness of Najaf's latest efforts to gain control of the PMA, the Iranian-backed factions rushed to name Abdulaziz al-Muhammadawi, known as Abu Fadak, a prominent leader of Kataib Hezbollah, as Muhandis's successor, but only in the role of chief of staff.

Pro-Sistani leaders refused to appoint Abu Fadak and threatened to withdraw from the PMA if their demands were not taken seriously.

To ease tensions and try to persuade the four factions not to withdraw, Abdul Mahdi sent a military delegation to meet Karbalai"
23,https://www.middleeasteye.net/news/revealed-iraqi-shia-leader-sistani-moves-break-irans-grip-over-militia-movement,to discuss some details regarding their exit from the PMA,0.0,"MEE.

The delegation met Safi and the commanders of the four brigades in Karbala on the same day. The two parties did not reach an agreement, other than to hold further talks.

A few days later, the four commanders met with defence minister Najah Al-Shammari in his office in Baghdad"
24,https://english.almanar.com.lb/1040195,to discuss some details regarding their exit from the PMA,0.0,"MEE.

The delegation met Safi and the commanders of the four brigades in Karbala on the same day. The two parties did not reach an agreement, other than to hold further talks.

A few days later, the four commanders met with defence minister Najah Al-Shammari in his office in Baghdad"
25,https://www.middleeasteye.net/news/revealed-iraqi-shia-leader-sistani-moves-break-irans-grip-over-militia-movement,administratively and operationally,0.0,MEE that all PMF forces were linked to the Iraqi armed forces
26,https://english.almanar.com.lb/1040195,administratively and operationally,0.0,MEE that all PMF forces were linked to the Iraqi armed forces
